"V1","V2","V3","V4","V5"
100,120,80,60,140
100.549815119101,119.950042699983,80.8953079326121,60.4613285099139,140.132447078313
99.5413624088319,119.645464545538,80.3370913365224,60.8099075372925,137.196375354659
100.222357013508,120.060929997551,79.9814620727493,61.2943749602493,136.938845531091
101.505858746751,120.684851636217,82.1967703574858,60.3937279027301,136.040463491767
100.253815176819,119.820441163134,80.8087664268535,59.8200773313462,133.146272063122
99.0062912989441,119.590947403556,81.0247415609813,58.9849106113218,132.466915589524
98.1275367485318,119.425437168363,79.684318061742,58.8277329494305,135.535760950296
99.4650884411477,119.815288981954,78.7833895204414,58.7642844433858,136.912611984204
99.4142115279287,119.575294007472,79.5336703000859,58.9327499357283,137.663552114794
97.748815988055,118.666625666293,77.0118239110503,57.3829052198299,136.21432665925
97.0215635348818,118.054039625727,74.2321834484542,57.1466552881799,136.273775743646
97.3327913557615,118.722787976389,74.8263130119801,58.1623518977939,135.111585346417
97.7190977576604,118.946495205354,74.1967235435056,57.6588128651368,135.006835850091
97.7568853122279,118.993008102695,74.679506101196,57.9094198482556,136.003476431871
98.0658392321014,118.593232031018,73.5363182147731,56.8962884047707,132.675928254699
97.0956485652363,118.62106515276,73.4972619666551,56.5186379503376,131.86402183173
98.2987805926544,119.091826838613,75.4962590690164,56.4197667918734,135.247675882099
97.5871932634863,118.897012682143,75.2035529914674,55.9508038079958,134.054472625123
97.4923280540783,119.104475343196,73.6651683037636,55.9619828986584,135.370291266623
98.0968558559397,118.661782362812,74.2855800355543,55.9278899918966,137.355278210947
98.8319670515913,119.240530438291,74.1196189233628,56.3321677091688,137.63968201114
100.210690219687,119.119404520978,72.8427323556874,55.7068725420039,139.883946126016
100.199094983268,119.658759702657,72.3229358296989,55.587140349539,141.482820510312
100.338850326376,120.036053986187,74.0095731991147,56.9900378417029,142.18458908755
100.217547056371,119.787554068418,74.7592185823455,57.4926734533537,145.458318448473
99.0087165729944,119.3304348513,72.9849778688178,57.8236671420683,144.316912484426
98.0997646574727,119.6610128836,71.5712222801533,58.5860013957199,144.35811663053
99.5541531425566,120.211951170655,71.0605587371374,58.9379702025847,146.498752676418
98.2880922606149,119.945677135988,70.3148646886127,58.0556730632939,144.414652071386
97.757704293082,120.232864067367,71.4298961224155,58.4138553253726,143.320397686256
97.3086741431735,120.168649811548,71.3380619382121,59.0579431172882,143.949272607154
97.6380576095026,120.452943770139,71.5436394837478,59.3970487306529,141.955090803778
97.8066704662091,120.913021940925,71.189244349565,60.1419422069422,140.089542340575
96.7395023754591,120.81168530736,70.3707829012219,59.3007822962875,138.862910055863
97.0620759438999,121.133439613132,71.0364942999961,59.0561162906181,137.257915976254
96.5686259763241,120.825684115931,70.4966514718167,59.7198663524315,136.260649152508
97.1060591768232,120.956854691745,69.742965217726,60.1119241844498,136.41376265941
98.0173602221904,120.995077274749,69.5589326306655,59.7713896875336,136.970866024576
97.3016936736274,120.526093771068,68.2671357454623,59.5924395694298,138.204126767021
97.9345927609765,120.182184891848,69.4381942979533,59.988297134823,139.239931501162
98.2590241022272,120.180803535056,68.835065378719,59.7874061051,139.771179952814
97.7230801839115,120.145995546035,69.9949130049459,59.5631046052342,142.229519572059
97.1344467677874,119.534038222116,69.5054486820335,58.5176346772011,138.135155632458
97.0679673209381,119.411668763989,68.478802434129,57.8390270121983,135.97848082562
97.2309081953665,119.915654209722,69.8718857797686,58.8869655746386,137.799286780966
97.7418632996006,119.803021171715,71.1657463090795,59.4273078505285,138.198667842326
98.0612517444798,120.281918994348,71.7896827535033,59.4265445636988,138.939747782508
96.7306721161186,120.112291421933,70.1836921497604,58.8816983260555,137.986088904993
95.7978059483188,120.269847408465,70.3245804976062,59.8636160789258,138.156240789364
95.3635910967469,120.379096927187,69.9400294675406,60.092514245571,137.759919750393
95.3118209158542,121.077374937895,70.2546477569982,59.5017339073919,137.787438145769
95.7029493238289,121.227472191207,69.6180800195461,59.431127212674,137.952453631558
96.4012627100489,120.931448711786,69.3028242077021,60.2871811958794,135.012366704617
96.0819331236707,120.984433173013,68.4227532790438,59.99361549049,135.755559301971
95.6300889049748,120.967985996295,67.1501366921527,59.6649600459115,133.036412882242
96.4269259835614,121.338827520429,68.5426884144288,59.7888022458199,135.742715394508
96.8850884083846,121.448669306793,68.1986206410267,58.629888511155,134.671885101018
96.5292468690924,121.408915887656,67.3683901915033,59.2705958244585,134.58782725852
96.3586787435322,121.214904485756,66.7033716391888,59.4202808010709,134.313266954379
96.4370556974362,120.725415342882,64.9481778089006,59.3053558697691,133.950858191078
95.8576614832544,121.284874280436,65.8199284972656,60.4541778120404,134.719431109807
96.493912221393,121.185471658237,64.56491411834,60.5245705717753,135.57532612578
96.5851124214432,121.290225630211,63.9572223629046,60.8938213194452,137.73896211927
97.4013892693936,121.260028687849,64.6424092874356,60.0512406608435,139.75436007565
96.8717031139935,121.665919258919,65.3092687374553,61.5580810032731,138.871434049689
97.2146158227513,121.626054478049,66.2020991146005,60.8884900355269,137.77624529308
97.3957866742502,121.868621661598,65.7285451974572,60.293396739001,137.798734178324
95.9368044396538,121.498433548678,66.0977360373519,59.4875833509137,136.176716053765
94.3049546269795,121.375591327602,63.9091282008353,58.5254992267338,132.838807107398
94.5456071449789,121.418399732552,63.4303052242693,58.9694207774298,133.860146888893
95.3191789365388,122.199892222486,64.8500196586468,58.8901616681555,138.12738806061
94.7401942310687,122.088946462534,65.4947331279303,59.222693428935,135.980603874625
94.8731508799042,121.862026360126,66.5438292153623,59.0837790555519,137.211489275195
95.1846712205471,121.697710570435,66.5031584409073,59.0145524546929,138.599903035138
94.1522432631415,121.243232032535,67.048867998957,58.1486078264836,136.667940355475
94.5094921754856,121.649823836768,66.4037990536332,58.4915864693892,137.274885431074
93.5426887094209,121.789260654922,67.8247260201876,58.841043221149,139.577716902581
93.2441461811427,121.766793326517,68.0135719563623,58.6021655368206,139.241560848807
93.0958773408699,121.603767540941,68.9662256358926,58.5350874423004,139.356570142878
91.8238034374451,121.40713985191,67.8158672593263,57.3115481929844,139.963327773513
90.9675168001525,121.33803859567,67.7338325013707,56.7756946431873,139.397330379645
91.2088583791417,120.916795517129,67.6459455920555,56.8152376228004,140.157368611545
91.6576355093936,120.649643728105,68.9263434200329,56.5786752569925,138.51772069016
91.2002528974201,121.099986256083,68.4898748992559,56.6948740482948,139.104374884053
90.1243585380001,121.11730949215,70.007488722246,55.9568025800715,138.347924177426
89.0966895380613,121.323593479598,70.6354018562134,56.2129554615667,136.082878427359
88.6552663618056,120.401499117837,69.771892982694,55.8330514383718,135.548771638726
88.1122097441803,120.633255682519,70.4422970319851,56.7361142962591,136.040567102445
87.9132754648072,120.300254945186,71.7290930965292,56.6195134354587,133.459434418418
87.4412287872092,120.136860183435,69.3779576615984,56.9997977236918,131.982960814027
88.1815033273992,120.243856767013,71.1065590094675,57.4725646572393,130.289416137711
87.0107481565169,120.072653620064,70.7274349497938,58.0885155272665,130.013447875553
86.4620723311689,120.106953601956,70.2219266710858,58.2966672445462,131.479810887885
85.9870022393012,119.809756124593,70.2372488756566,58.4990598510447,128.752105797699
85.6716297298993,119.644073244517,70.3633339378707,58.1930960313082,130.054088517761
84.1209613562501,119.818007950414,69.3122667708232,57.7608298454083,126.089878167593
83.1359849343083,119.755455176335,67.7426175833752,57.5979039890403,123.474503183918
83.6708079512374,119.863947556094,67.2763788381457,57.0152932273505,124.036262097144
84.4395450304738,120.068868655929,67.9503521218823,56.4518484529272,125.923142327253
84.3817218237629,119.742180060833,67.6154389594164,55.8800983120844,127.55137773849
84.0888741334656,119.330883591938,66.6242474236209,56.5197326070707,127.240138773345
85.1565648042088,119.652625544864,67.3557056088176,56.1766126395378,127.43096553416
85.5025151383249,119.69108435197,68.6613552504263,57.1404564177378,127.683373469004
86.0009721413831,120.108931327618,68.7620786298419,57.3821229649593,129.482602333061
85.474592011675,120.212216293368,69.409830260345,56.910831541018,129.567143912714
85.8777072727416,120.287292453824,70.6434673747761,57.3550135624339,130.783290887267
86.0734288975069,120.495341090946,71.3850983927497,57.7237371950254,133.958413588581
86.7811801858995,120.817150062297,72.6083374492588,57.999962239543,134.301279452421
86.7056428554198,121.040672332801,71.9904303226191,57.5617715191506,132.601713837368
87.0743582031537,121.210147799107,72.8251452038071,57.5730190622478,133.526913725554
85.8286809094209,121.098509562142,71.8753986652432,58.0426533139855,132.645241995186
84.8788216231938,120.908653536086,70.7662345290669,57.9256794613961,136.395920975165
85.4169943607884,121.215285007042,71.4926187308102,57.977223513837,136.237130137338
85.8411144927239,120.953520597864,70.0040641171848,57.5484070855786,135.495463765648
84.897020515913,121.153005040367,69.3814500469064,57.3579763372439,135.181606434845
84.5382064367421,121.304986991335,69.4611908263214,57.643160871168,134.964125715737
84.9234018381882,121.350001657603,69.9264530786882,58.619738518084,135.997171594393
84.1727253027649,121.512144357909,69.051486287119,58.7910059139438,138.031724556127
85.2356979816483,121.985358530907,71.1324884163343,59.4521162957229,139.395120442916
85.3047642168923,122.056156517336,71.6025199019868,59.8644200356105,138.985600776907
85.6880446132345,122.201812517163,73.5022125649079,59.9446082489736,140.429628150107
85.9481610056661,121.916693237994,72.2985907146141,59.7301251625663,141.702826197247
86.4055611058292,122.111957410092,72.1955107213226,60.7423018928852,142.047584830556
86.6838858841844,122.437063959771,71.5575995594515,60.3596949194444,138.382045762512
86.6452340414623,122.467407873577,68.754436920272,59.7662732317154,140.418009864083
86.2215274769118,122.605571683918,68.8291126723779,59.7768552194872,139.978675503757
86.0376451574355,122.862513344106,69.3042166877648,59.774235137536,139.729299630296
86.3423718307715,122.880745616495,69.3445553374508,60.1900082086507,141.596697318354
87.3128293969361,122.374448315601,70.5284395365796,60.7973105535686,141.277703372316
86.3538045171931,122.001684100661,69.5539751173734,60.8786635607865,138.695455709324
86.0347908158092,121.971268365727,69.6046512526433,60.5238420903744,137.852229866717
85.3054576996009,121.821670580921,69.3019669970439,60.9853698971869,137.90920693839
86.6628530102845,121.63246509372,69.8372037589669,61.7894910668206,138.351537110344
85.9297698386561,121.947551207272,72.2726775352892,62.5750284149241,142.040267961807
85.6060170222854,121.731650012197,72.3922766850588,62.8981563766715,139.717004116251
86.3082897956395,121.807291792176,73.6268120813204,63.5713581976119,142.245193883926
84.8845742494211,121.64499038007,72.5028244681742,63.2735494048027,141.252770123593
83.8930092130123,121.353591312277,70.1948142357027,62.9622734997679,138.059020715149
83.1206304400225,121.279602972303,71.528053542386,63.2072827318916,140.831855315972
83.4161811467143,121.335613079315,71.1392248191945,64.0481709175678,139.326562913405
82.5648626705877,121.412374107424,72.0445350032813,63.8930290047488,139.818096600525
81.7048627466884,121.623930134068,73.3554587848893,63.6099348876359,142.919597764011
81.4823582137755,121.717741072083,74.057085198181,64.4889564306453,145.804316611872
81.7837067857454,121.937211389699,74.3321983660743,65.5241421803001,148.850824950017
82.0959225107221,122.038567252199,75.5372296830608,64.5532378473739,149.730192891264
82.5238858640038,122.177624121365,77.0597963008495,64.846504373698,152.282674057135
82.0999823292885,122.232240584124,75.643800499791,64.4634222125183,151.295382055715
80.9280162460955,122.236337032304,75.5371561150551,64.0532251775437,147.245107811007
81.2570277999374,121.960623215574,75.8932722100471,64.0526021369422,149.771317869532
81.339876394539,122.134123417177,75.4510742543038,63.911105319813,148.244456312275
82.4038074909934,122.122535087153,75.4100989761284,64.4159302894505,146.440242763628
82.323716795704,122.335332882255,74.5786310196734,64.4863016605275,145.935612004234
83.6132271474308,122.565061356805,74.2977935737315,65.0600836985829,147.777674728867
83.4127227504998,122.397795057084,72.9985498614261,65.0514045590377,148.354957008715
83.3357661986562,122.715154913932,72.9528983988878,65.4465831929329,148.890081062751
82.0018559550755,122.399126518391,73.7755089548716,64.5702328872474,147.890101020117
81.2587051397554,122.31023110592,74.0800659351271,64.4029908842149,148.734353679134
81.0550461556933,122.398892120166,74.7244133684675,64.7584423690209,146.571230879859
82.0003895521284,122.438975769925,75.416882442021,64.7938953605446,147.025020797126
81.3416673344809,122.245945219635,74.6665721855566,64.2492897551322,145.211661250183
82.0945340134946,122.628794830581,75.2011301797468,64.6589721634466,147.055410698801
81.8633078254443,123.082260259954,76.1205551132411,64.5729637982695,149.463013820081
80.6035607256422,122.74913493695,74.8901295777303,64.31372188581,143.333937326226
81.0527142883872,123.124018234869,75.5255504443647,64.6305106146385,143.917505880501
81.2971598781895,123.277998921743,77.163844214758,65.4101021581065,142.801152785906
80.8593331269626,123.672983682316,76.465195262037,65.7782151009919,141.655739623042
80.2561028476045,123.901401518992,76.1905378436121,65.7999998209965,142.794699414284
80.8108888299401,123.878972051347,76.972479201624,65.8993597992368,141.457505896935
80.0202896094981,123.483255449672,75.5315063454688,66.0200882659453,141.157537778072
79.9014930155286,123.436779447885,75.297970850665,66.0821082956755,141.66678094363
77.9064655985811,123.591790518479,74.5910733177348,66.4745187385522,141.963590684717
77.7539602558682,123.769555388273,75.5929189860736,66.7950263255103,141.788875600698
76.271085300961,123.145046410878,75.1140288211691,65.5413974436705,137.947540595223
75.3650045028361,123.076396269848,75.931746198406,66.1209196300061,139.374200407568
74.9710702900272,122.950894442311,75.8155920935506,66.7820131442725,141.646255540969
75.0443198905591,122.727359569426,76.3377044273722,67.0007531450289,141.427459297451
75.2120915344894,122.585510127627,76.1703238129117,66.7078568254481,140.841226972309
76.5793524941784,122.371284445868,77.2654064240418,66.4858889112562,139.513958050189
77.6242378185734,122.651734024681,78.150022680379,65.4122840334043,140.196942458302
78.6680503579809,122.680397665501,78.2337134961806,65.3492666482829,142.196845215323
78.2760659678008,122.646995530371,78.5115577559552,64.7886575678184,139.67182712662
78.487047040601,122.544736625953,78.9293160072403,63.8071845713175,140.382876503509
79.5879529768944,122.368826612614,79.3515005468507,64.4105056945324,141.825370621997
79.4293339763192,122.222196818506,78.9244591450032,64.4695048502974,142.432991818248
78.0400793545349,122.251299560464,78.5376878125858,63.9343131317003,143.21347999823
77.2437625700358,122.31298685776,78.9353568828,64.4540968725706,140.911872687557
77.6953912926356,122.686930079411,78.7150781697525,65.5304125883652,140.566011800557
76.8202539646262,122.433446119684,77.4827007322924,64.0927458725251,139.616511986275
77.8650416866911,122.8169708682,79.4170394767116,64.9403925780761,139.920445176136
77.8693292482269,122.625909486864,79.5746406552211,65.2097783174433,139.423324564256
76.7896439592293,122.65575072711,78.0301475424074,65.3203435985002,140.596557839184
75.8049574646205,122.27447906931,76.2481094744837,64.7853577761138,141.043721819714
76.3698630122236,122.156387326525,76.4169132074265,64.7193245998411,142.766961981363
77.1705214231649,122.489802355798,77.6145392458186,65.3018001907829,144.975621828753
77.3054818869908,121.934762562819,76.2785409336445,65.0178737808164,141.210983658811
77.3519431151927,121.870352589078,76.7103360747028,64.5006281217523,139.937271214631
76.6337484534603,122.032127442049,76.2700139077894,64.372062961279,142.729939654974
77.1330102820327,122.163789366313,77.1242249054926,64.9676416229283,143.636799863102
77.7927952595502,122.551308656013,77.067555771119,65.25070338716,145.921736605183
78.2410861594388,122.218630304254,74.8698871475925,65.384526557918,141.821666926732
77.8035662356486,122.355648150022,75.1059527135799,65.1061890116771,139.1698876877
77.2793557273224,121.997739058712,74.5469690310522,65.4534402574595,139.904355673734
78.0900739398094,122.528359931144,74.7541039487281,64.8223900590718,138.653209108414
78.4507772540948,122.961853334239,73.8130646403987,66.1925837508126,139.470113248835
77.8471660750153,122.979952512388,73.3031081127751,65.793132884201,140.706757893914
78.7785959787074,123.365462499002,74.2281007427147,66.4671376956977,141.868067272591
78.5142156995768,122.890064526829,73.8577011437904,65.3398651741843,143.373393226047
77.5295545210554,122.744137551283,73.8653361115297,65.0670563362522,140.18203848705
77.91214815563,122.638054156187,73.4821933791351,64.8655773794971,140.344574544688
77.93786235413,122.411622839713,73.2627243514844,64.6361598643909,140.183449651791
78.2954322603538,122.382460016953,73.4238373533804,64.5904894221037,139.595128845262
77.5396631267317,121.937289822523,72.9068125159372,63.9576230117944,137.400899039725
79.5513651610373,121.956482333849,73.7588101682943,63.5240197884915,137.990332562686
80.4681526857876,121.873714087422,74.155872143096,63.3972498238915,139.809664656669
79.4263602784263,122.011270969315,72.8625472786302,62.6869342665769,136.901102422048
80.9949707282945,122.477408069647,74.790055912663,62.3423320016384,137.135511537678
81.0086131214306,123.189379798465,76.7453191701543,62.2740768671353,138.152920498
81.7938703829377,123.442768884708,78.334824498221,62.4100346660102,140.180518066497
83.8323757558149,123.319183100885,79.8954554883349,62.5730227238619,142.125547047699
83.7495128148657,123.594780538186,79.8342654285896,62.4878831357619,143.326609165199
84.5881904062574,123.526850260867,80.1951280882949,62.2937376027062,141.865257996967
84.8277515849645,123.458054886768,81.6316381415511,62.5836127410398,139.196643136166
83.3924212963692,123.27917020112,82.5986692231483,62.2024089387357,137.818805675115
83.0825423018791,123.387966466856,83.3535209864258,62.217635279465,138.441427983258
82.8083291425079,123.514538723277,82.4787773098181,62.3799249933132,138.532140969815
84.599897066925,123.815975127051,83.3978005433927,61.8725036409823,139.523203302182
83.9632588755798,123.798570104103,82.8527151463677,62.020366356308,141.206222885071
83.6988924402421,123.354559088088,82.0512236288518,62.0010572991345,139.637199032065
83.4432334243669,123.55855673323,82.543220973939,61.3382233645842,141.72249843917
82.4848982913327,123.414461821513,82.763527922222,60.9499780928556,137.867609217093
81.5010765004069,123.178356325486,81.4561356416239,59.9095573867288,138.640017932516
82.2911927935284,123.031268088257,81.0537963073294,60.3962171744586,138.109949666651
83.7472450018139,123.341414169049,82.6238447525837,61.0226620276567,138.948494444464
84.3491806308148,123.278308888932,82.8455581437887,61.4066472293521,139.938893061816
85.980383167489,124.036257039819,84.6158304285648,62.6565850390203,141.794978612273
85.8457646825263,123.883354772455,85.0759910103099,62.8754798688012,142.073655672895
86.2570502066384,123.898485720953,84.9838191457038,63.2954852494036,141.115811305997
86.1522106039359,124.080268433769,84.2471434983123,62.6560164122272,140.695003645651
85.2963673575057,124.678426237534,83.9871891083431,62.5910587256733,142.47360534685
85.2478017563072,124.884644245615,85.1808678045882,62.8294517535108,143.797349697533
85.051039134105,124.732049169751,84.6405259914948,63.2325782415759,144.942884239977
84.2576524959153,124.384107491651,82.757518890122,62.5593423348639,142.516065891184
84.4499833796072,124.707510984681,83.8857141217125,63.7283521699616,144.415917159069
83.6934686564983,124.836914824956,84.6241287597904,65.2695918262573,144.557166529278
81.812035612136,124.40008174609,84.0485768968587,63.5121379787718,141.315780718266
82.1414639371029,124.583957620539,83.8456127139336,63.1476371278615,141.546441463966
82.2717567910222,124.635166730827,84.0802404331104,62.9829809423402,144.282939700212
82.0300318588802,124.674625341737,82.8415927518116,64.0741633737148,145.834002449263
80.8442034169005,124.704680722342,82.8218868109666,63.3357432537245,145.120731135859
79.872734285147,124.546544724186,82.5061246470385,62.8015968962296,146.193514315182
79.7532389203238,124.474756984598,82.2428046202693,62.8406210196083,147.425422572578
78.9336735118874,124.254823721296,82.5144216858965,62.2496453199544,148.287702312441
77.6779944212341,123.911818021421,82.843106441328,61.3548983385143,148.358898444769
77.2214175300105,123.572969137285,80.8309905508375,60.9314032380134,145.66519964284
78.4438644152516,123.53636472404,81.5801568670314,60.2710969359087,145.558664660426
77.9751574141697,123.456319813216,82.4536560639477,59.6076020001994,143.303258425286
77.5774439198646,123.170443575819,81.8582591171375,58.711020037595,142.325644072177
76.8690982268509,123.499018743543,82.3195783729293,58.7429053033326,142.551271294591
77.5113673331018,123.495872636255,82.7983411892453,59.1890461621112,145.4365392445
77.2590880750686,123.670929947175,82.3241334654136,59.6151219121048,146.594536910532
76.6912635434812,122.996427820518,82.2114518766801,59.3244974775145,147.79074592932
76.3027749280349,123.131235055143,82.6643908878767,59.1162106587477,147.674036813322
75.2988686920696,123.744542816055,82.6848600846183,58.6338767417802,145.185850333792
74.7703209973697,123.176994365521,81.5016800048529,58.5546899001921,140.865429952728
74.2418905686976,123.125227868806,79.7507075098077,58.1881939738736,138.207602731023
74.6576659852908,122.888052812043,79.4692205246178,57.1885892724579,138.605083985064
74.0417223824019,122.908113415426,79.1808267212769,57.6756716609805,142.321178893181
72.9923205207836,122.607236682208,79.8859597094192,57.7731914061299,143.141279588646
72.7008801958316,122.826794183535,78.6195960393975,58.2984104895624,143.213775819646
71.8281402745878,123.029488642349,77.469930724962,58.5242179936553,141.839165833388
71.2704403280812,122.609552315425,76.5526434236542,58.3663058713589,140.198989639017
71.499848552602,122.815025468398,75.557195101864,58.44170502832,138.956291840954
71.3504106459008,123.379818787304,76.5922339220521,58.9621290874043,141.525382416168
71.7586735855594,123.164005605256,75.9355585024379,59.355110570449,139.824630511902
71.5261387865094,123.202990216551,76.039597272082,59.4560429863134,140.743261065939
71.1967394184916,122.505859700698,76.2500464673334,58.8009674889114,140.506739428676
70.6706923668622,122.342138019806,75.4586057955545,58.7713965937242,140.62848262631
70.6411246659738,122.462668888303,75.1615754210048,59.3916168119804,139.740610817034
70.3683221087865,122.665117905993,75.1947679806638,59.9014699227743,139.656699767778
70.2325322533169,122.469992080782,76.4663364429309,61.3109103026264,142.668590515679
69.61757970064,122.781260088197,76.2323664577737,61.9793731406712,141.213406578558
67.8145549987732,122.516807928746,76.8697282689233,61.9845603099321,140.589573233769
68.2546627318526,122.58651866512,79.0498121003264,62.9290796958245,140.464539516657
68.8152138359723,122.889061155242,79.9381037178706,63.7892288126227,139.815076602364
68.9917891108728,122.390318511733,80.1500771195162,62.7793981875581,139.609098732684
69.6822088701656,122.544876860538,80.1810904374256,61.9561581486936,139.122041654905
70.2554113862383,122.389435837329,80.5432013451394,60.5780255169328,135.74578376862
71.5409853630598,122.452463785426,82.1903768032493,60.6991828587188,135.600718774069
72.0460628534429,121.873849529029,82.2384809955217,60.9553369049346,135.16382332245
70.2188602749828,121.515120499545,81.666328018928,60.9039369617435,133.217174931931
69.1547346741822,120.853972532876,79.6611513593105,60.9437103104535,131.703995952465
69.768634297872,121.010156554039,78.6710487066683,61.1389337340188,129.438589004639
69.269023159067,121.356587956693,77.8524131262742,60.2241385446214,130.976578159132
69.0152825626259,120.896493234403,76.8626110904277,59.5100677278088,127.233132957517
69.1408479165367,121.285551156593,76.7319068177627,58.9956482666005,127.142939200363
68.7557022677044,121.451278876942,75.4746966002241,58.6547090915016,123.680895664807
69.0999908541663,121.543708496785,76.766738544713,59.8891309173151,125.963339970398
68.743774941327,121.523957455535,77.0230908831173,59.644949304643,125.951513081382
68.0709422904583,121.111228045199,75.7011399100823,59.3394020924459,123.846591536967
68.6675997467332,120.879868240567,76.5720531411168,59.8570147078929,124.976762793167
69.2114693572648,120.649891341971,77.3767925028335,58.9711682979297,126.370999294523
70.0481348748764,120.700040109829,78.8006872024093,58.9654330290542,127.843063264868
70.4892853366815,120.660235038136,78.8029063931117,59.3119153008534,129.894029293195
69.7231677740156,120.679153801822,78.7353442439951,60.2030156016996,130.828161734787
70.1079779661172,120.194603267423,77.695733583143,60.3421027802789,130.326008443102
72.6916814028221,120.525341326871,78.9660594571459,60.7890083630043,133.686140001134
73.5921911558971,120.320807463551,78.3666989933948,60.7395714998497,133.252686061122
73.2717219428835,120.485510873321,78.8014569501892,60.4264516300103,130.695631104286
71.6284551117627,120.155912141983,78.5838030201927,59.2186498543777,126.98766258434
70.7356561701834,120.459577056791,76.8432348619419,58.719276187065,124.889507498665
71.1908800032402,120.42701541626,76.6636518745278,58.9392520582719,123.275876394481
71.9094712922256,120.987524955733,76.4982228267714,59.3705178788629,126.660351736319
71.6746483916467,121.068469000139,77.8149135379482,59.1119277097331,127.667973879381
71.2019333878993,121.174046264663,78.6911766641644,59.2704697773236,128.250023122011
71.0376623625196,120.785435317138,78.046164585417,58.6882119084135,127.064517751675
71.524466771676,121.087744882472,78.3849329172975,59.527530279263,127.011507424864
72.875209055839,121.603381315134,79.9982965373743,60.8660162279886,128.831794274472
72.4163720048348,121.883172224565,77.9494103228295,60.2428867443246,125.959098573839
71.5093185305824,121.531699051888,77.6192474089647,59.4818239458493,124.417669455252
70.7674480389425,121.228176181896,78.4077762955842,59.6112685883314,123.878558502596
69.7235825406876,121.258299281909,80.1763177193886,59.7563683491918,121.136416062446
69.4286695317592,120.988198801687,78.7850739073787,61.2387382780643,124.086317938589
68.6136648677244,120.790973800552,75.38528960651,60.3545959873706,123.732155512449
68.7750310794801,121.143185610738,75.249600458229,60.9058193839051,124.726139226026
67.6539762117956,120.893106788491,74.5962989433775,60.2624946602048,123.740017565544
68.4504652411501,120.628884274122,73.2007025431038,59.5324646956334,124.143748175824
68.1705658053015,121.017835723407,73.596121420672,59.6931699040165,122.761288115613
69.0786871815278,121.379028313582,72.8166419057042,59.2927620876199,120.067971378269
70.0083103139287,121.521225175974,74.1058205580477,59.7665734570803,119.550453143403
70.7653655295819,121.372337053538,73.9731754035159,59.6576087638607,117.385811950302
70.9271899141608,122.129264915533,73.7293268579916,60.3691070758581,119.729847933943
71.2395910476774,122.661789418818,74.3050332516527,60.3165676080225,121.009631555745
70.3863276871228,122.350780211056,74.2574222428578,59.2397205553113,118.18247862416
70.2168716167195,121.994720601543,74.5006449239623,58.216108320069,117.52026329558
71.300900283788,122.492693712369,76.8747797242497,59.6080881284537,120.840527826184
71.7039272881426,122.243061788122,76.6947980710788,59.5440014166335,123.637800948111
72.1675265294381,122.553283547025,77.9767910952754,60.0998181181285,123.607148675878
71.9286816226907,122.496586904297,77.881208593247,59.6563154193757,121.943931786216
72.2276506720558,122.194549812872,78.2458568516737,59.9112633302851,122.010034211985
71.7420439549792,122.157633034676,78.3152150678573,59.8738812241365,120.798618754568
70.6907470243859,121.895946209601,76.8823191654128,58.9727813133038,119.439416377688
69.5397767576565,121.922713235385,77.1682168037428,58.1292934472872,116.229270455386
70.3725890048252,121.978213846278,77.5712907043911,58.2314731155451,115.872590970908
71.0012409714029,122.252789140146,78.8968321359811,58.2832087959667,115.560224653268
71.7931365158899,122.956965156745,80.3440424628686,58.5697119777389,118.637821665514
71.7202064317432,123.254121268948,81.5311427686241,58.5080941009038,118.172796789628
71.6060960373404,123.334093763699,81.5017067492101,58.4723416722991,119.372670364009
71.6467789491073,123.381872698173,83.0424494207514,58.2504966780607,121.04800967587
71.0457907741125,123.0282162997,83.2430971145014,57.7667678659294,121.548031332485
69.6740247440076,122.822315514414,83.5893585107707,56.9267846014993,119.721235435207
71.5642001513463,123.165299723259,85.4139054242155,57.1918224368152,123.048859657194
72.146281473942,122.958567575852,86.2783214994894,57.2004366003958,123.649326757394
71.1117940723245,122.202524733559,85.8393086125236,57.0081292535917,123.741849786317
71.6609293141957,122.335008724225,85.0093915174892,57.7323330520952,125.578952512444
71.2080141435137,121.878387483951,82.9503864673353,57.637571649856,125.461250060421
71.4417548960644,121.766822305327,82.5002781420624,58.0974143936991,124.630022872489
71.7873332642749,121.905405320257,83.8370910273369,58.5095294770859,124.288293186472
72.444405197097,122.735180009746,85.5917717258474,59.3597476824451,128.71111680887
71.4009987579054,122.697791351344,84.1749154349652,58.7806325604107,123.984381541814
70.9088021368008,122.778890726301,82.4404501569654,59.0237164286579,124.839543438388
71.0726848781175,123.051155567134,81.7724248804127,59.2485143190208,123.58179298999
71.6299093249839,123.2912244736,80.2063657164295,58.9609739165727,123.295761281803
70.7444505274961,123.209931216232,79.2901251819187,58.406951398259,121.609078237021
70.2136755100355,122.936837819623,80.2415277971626,58.5517567338389,119.803536166103
70.5265514307766,123.181524922378,80.5008731048839,58.1027490165097,120.164282221843
71.6501403190727,123.186636626695,78.1904451263999,58.9922644562004,119.61153055353
71.4281756943373,123.23951961966,78.0006699856177,58.728545065027,121.660326521219
71.9592732448364,122.887181892118,77.011208147094,57.8182559701067,120.158022882114
71.725548483235,122.895846140473,76.8448203758036,58.0071985668558,121.158075086615
70.8959173045736,122.693092766403,76.4261770399099,57.3079405706368,116.515415656762
71.3281976256376,123.11428540277,78.413335809761,58.0995182549966,119.279063070669
70.8980478196786,122.821571525233,77.5779127729047,57.964102380424,120.520683689628
72.3123407598322,122.568271587922,78.0075931741339,57.8732652763904,118.521462002459
72.5476968622795,122.62597383388,78.4401134654824,58.4432413869155,117.268899302817
72.7988816915966,121.809163057028,78.0037464774376,58.8835903586257,118.529423906835
74.1532474356289,122.018972832751,79.2731597989123,59.1757157667709,120.026629554391
75.7235120573712,121.32807128201,79.1100920523222,59.3746528653513,119.522704286475
76.7419257240058,121.451600927114,79.9381003387959,59.2849214066571,119.204196085049
76.3192296972354,121.909428535563,80.6610996178588,58.7009507201331,122.8339243568
75.5787267681991,122.184102835569,80.6188186481276,58.0490471561047,122.955065652867
74.1997837420458,122.346855388383,80.5854116018391,58.2532373675635,122.765754537304
72.2280131276494,121.791563179331,81.041624662553,57.7329928808659,122.72149113063
73.1536880665465,121.469493418055,80.6041230587341,58.269601596988,124.788991845305
72.4758446772747,121.248318647657,80.0171755264368,57.9953565398813,124.097025693806
73.1181539737391,121.149579956898,81.0636623774031,57.6562900038928,120.971770162229
73.8086280105909,121.289018105063,80.6480960778679,57.5783787750222,120.01450261068
73.8055635882256,121.554204288645,81.1859243050788,57.6448863291206,122.206043332344
73.5733969374842,121.73593151968,80.774647262495,57.6285184877397,123.222434206547
74.1428088328762,122.018067471944,81.5501571505203,57.5964068583963,122.233526122361
74.4888272904337,122.31954264174,82.08983447188,58.447551612454,123.269933009061
74.9697939424612,122.777851944942,84.1075169569712,59.2250206912029,127.059137547961
75.024088534911,122.431582433702,82.7285340637636,58.1133405822761,125.688854202669
75.2795304371819,122.214051773569,81.8682390673298,57.8282781533226,127.587334356589
74.8934447665642,121.814383949253,81.4803177637475,58.3007533679442,128.882385198053
73.867021838385,122.401947273854,82.156594229037,58.6096880573659,125.742811476555
74.2272677336384,122.376877362038,81.840865846036,59.2753914619408,127.267751575454
74.5463465195954,122.317930048607,80.1031466030896,58.7478735198498,125.928584676555
75.8100589745208,122.542033975273,80.0871759774439,58.9388376212222,128.279400389863
76.5653040751937,123.111711787499,80.3897100380721,59.4801031654485,128.721506968127
76.6081883425551,123.205570587801,81.4693483900855,59.8279974584922,128.579938892096
76.9858806309715,123.526850066155,82.7442497086936,59.6247266283194,130.641401804201
76.5233735496413,123.434918876977,82.5647218168909,59.7203895008045,132.055364665493
76.3944081279246,123.753247377059,83.0534233852191,59.7570617801349,132.005355816763
76.6647431671711,122.762510271565,82.4283226229259,59.5672937818332,130.798923003589
76.8485885013178,123.062059249954,81.9127161676182,59.7887500607482,134.231637222134
75.4697683066312,123.089827456958,82.0842152109137,59.8891653682115,135.125744104823
73.5006353137158,123.182855447925,81.1350692352738,59.4084927972784,134.157618750417
74.0911118758393,123.492982646351,82.7397330614794,60.3881044118318,134.679399660892
74.3145059102615,122.910343018929,82.896491940187,60.2274107015755,134.191933864436
72.8509973051127,122.821522395689,83.4314662858801,59.1278246030768,133.436002149508
72.091825474949,122.548679653146,83.1022493309903,58.7483344197819,133.143255172403
72.4110607685023,122.788182322454,83.8606121693274,58.391164679808,131.608615322461
73.0327333883171,122.410055475378,82.7499635381363,58.8216887167369,131.975811520859
71.7633547485133,122.23679071114,83.2769468716636,58.6845515865915,132.943147921248
71.6605822111037,122.642083590811,84.5239028923733,59.1068150493417,138.041443531934
70.6323114098935,122.566946073664,84.3680813467112,59.6296738857557,138.379357725818
70.6569573329524,122.63678394852,84.2347532547806,59.5239333358551,137.529403015392
70.4536816636176,122.370434403987,83.1595208133075,59.0421625351755,136.772765998509
70.2765083900216,122.557347625486,82.9737840309409,58.6314244190084,138.021531512038
68.9434970999176,122.150577404935,82.950353573606,57.4084715369213,134.755594780661
67.9151989221194,121.654475339043,82.0585904745246,57.8610408126977,134.509158993842
67.5245711555992,121.239474268454,81.9868684163559,57.4259801926821,134.403673213383
66.8733887717623,120.941038167932,81.0006612240105,56.6374948991567,132.224726355843
68.3102769028299,121.039374834032,81.2971388803595,57.2277657246786,133.324066557913
67.5591114665387,120.808182243798,80.3928757613064,56.6462851277739,134.654426454684
66.6873261963129,120.376139656189,79.2874764100031,56.8748733316079,130.115350253923
65.9763823332042,120.174787267475,78.7969364230324,56.5240070457241,130.3705734433
64.2965367760829,119.923878643955,78.3779506092016,57.6382472983881,127.267926023544
65.2967003964822,119.936675223789,79.0500702609932,57.9447026554314,129.872838303862
64.6396541452851,119.737779210455,78.8959994192233,56.8958509799937,130.540057907959
67.0372945611893,119.667484067125,79.3595648915161,56.6908629982981,129.292881916994
66.4705762788911,119.689393769276,78.6187813014164,57.9024070740122,128.791652687783
66.773580564804,119.477708339758,78.733611746441,57.8101840432202,130.804778377904
67.6091421070701,119.80205938916,81.0138190728447,58.4748276953431,130.02564476987
68.985053871015,119.90412436538,80.5826894931281,58.8914508525534,132.054141218891
69.6367762130382,120.09198406643,81.7788677787774,60.3590159095456,130.035272380593
68.9469505511276,120.1913959041,80.8536223942422,59.7400770963306,128.192474406503
68.9999479039906,120.115444476861,82.5077847525029,60.4671517856471,132.306717819508
68.23207966939,120.295358605561,82.9146922816688,59.9757918076771,129.851459209261
68.1151966162954,120.056438858522,83.68380658616,60.282259927697,132.226956232591
68.1084346367017,120.274177329097,81.8668947369553,60.5696927423042,131.651730616124
68.0351273230779,120.49452374988,82.2012099628196,60.3258482300217,130.250066418118
67.5180229558966,120.194157810147,82.0933694361251,59.88821653853,130.837522632848
68.1079727264143,120.284733447476,81.8306988864013,60.0350645667596,132.101942248464
69.369660465458,120.874538411142,82.3677648121432,60.0540982635189,131.40043407445
69.360658501673,120.551199303783,83.8695598374928,60.4759860700957,130.135505922186
69.6346040350119,121.204925464887,85.3915150786557,59.8835210636276,127.97059469918
70.2356117527192,121.588102874307,85.6392177566582,60.4369646135607,131.947160596218
70.6452397670927,122.187456640932,86.2950424923393,61.0571522362131,134.990240843132
69.9502665544634,122.026426557265,84.0592049624865,59.8985853347842,132.806772454215
70.6709451168337,121.871660711097,82.6821739197348,59.2106583542584,130.932707401641
70.2901631986074,121.823381333084,81.836885575623,58.5911707693172,130.363856985164
69.4463313393195,121.78426588224,80.4953253520351,58.0186855473755,129.400442183835
69.8628195470678,121.727039476756,80.495603390039,57.1567119021177,127.551369610127
70.3418250818156,121.931181000478,81.1218738006216,58.1595428181785,132.671686993585
70.2370730550217,121.95801337713,79.7910112495898,57.2284271060461,130.81076930192
69.9692968848007,122.384666956337,78.9855402611898,56.1194180008808,132.135907881098
69.9059334104609,122.564092249985,78.0948449061778,55.9280693108488,131.88278030953
68.9058693253212,122.990031650553,78.3564223388851,55.3676540048492,132.637436298483
69.0423612471982,122.772483829062,78.777277892731,55.0486805445995,130.779413113582
68.7641084449934,122.192499830351,78.5643788795438,54.3632317946841,131.700581107333
67.5353227130654,122.394435911938,78.2156704246354,54.4121219482558,130.898137658746
67.281440446271,122.574003170788,78.015004244064,53.8461464979665,131.843228849963
67.4576090155863,122.967645958353,77.8688819107705,54.8999499469989,133.946889727831
67.5121789744093,122.571508294482,77.6578893195929,53.6471812102552,131.667115445872
67.6720451576117,122.538924846241,77.1622504626018,53.8783809750381,130.203600243566
67.4615158393594,122.224392336053,75.5517121641329,53.6623761491528,127.096290518107
67.9565486607201,122.020261451149,75.1503785627972,53.6083557397704,126.987737929723
67.5233527780302,121.934682839676,75.4064898702468,54.1212813188492,124.635794669332
66.1409665488946,121.592431674,75.2259292028763,53.7213043061711,120.910749279533
66.4985601921868,122.017005054435,76.543391505995,53.9356108136976,121.088980328892
67.9398439983217,122.299661337667,77.5357335384252,54.7277975368363,123.241102072075
68.2563383458763,122.417915965957,77.9257600547533,53.7440258269071,123.70238529666
67.640530439089,122.929296053686,79.9141621598475,54.801063876275,123.650048626104
68.4599961120546,123.372822380727,81.1165729151362,55.1723127827759,122.868555096128
67.9036157913924,122.82812469336,79.467060517332,54.0475875297652,119.970225579191
67.8136951662322,123.268146000591,80.1449487951279,54.5695546944594,120.419153791933
68.4277490716735,123.486989025064,81.4992750348695,54.9203237808007,119.197882579383
69.6921017874978,123.234514099245,81.4127727667386,54.200103810387,119.574844163356
69.7986381981976,123.16470855581,79.7560943328535,55.0689200022615,119.785734529185
69.0809293774323,122.922615855177,79.1549495721386,55.243665091737,119.385203251994
68.3632806395262,122.708892725607,78.1440852608146,55.4892091522774,116.982332328998
67.0738672479351,122.569837197183,77.5732424368313,54.7307424694525,117.168344484248
66.5034139321218,123.144384866519,78.0708719480916,55.0120682888281,115.622516580399
67.3383334432356,123.22676968967,76.5295297045082,54.7016100815393,114.259041313792
68.0993407143911,123.621623625584,76.1255649637775,55.0934107473609,112.27656928673
68.1036953791087,123.779341532344,76.4202070269289,55.2581441762333,113.362474957093
66.5415819577723,122.839766460085,74.1510696252116,54.0126558645703,110.978789504433
65.4746378361885,122.714649264449,73.915853169195,53.6744107949736,112.035695213146
66.3104805082668,123.0114649959,72.510381653,54.7895381504066,112.281014834689
66.2762399741848,122.736222338518,72.8083109682387,55.0021921975065,109.326414070325
65.8793593892837,122.480500978063,73.17549230616,54.4418299007467,106.731180408961
66.3607376938081,122.413724586867,71.4770802203612,53.4345674823929,109.389785195964
66.155572556861,122.648866567373,73.0334495802508,54.2565273437162,110.762511022953
66.928469312266,122.848511747976,73.1765633480505,54.7179701947332,113.3286434611
67.4640777614057,122.837952374804,71.8899188466009,54.7301905867499,113.151854903664
66.8338985238928,122.599841991249,70.9758751450918,54.8641130790517,113.117517192029
67.0750783158446,122.552394765752,69.3568511254013,55.4684027439661,112.62149413589
67.6118799302725,122.627754753013,69.1844330007813,54.5057952373609,111.545270606233
67.8709229270393,122.448875068432,70.454944632442,53.9767585933257,112.528643461342
68.4443409626475,122.835739538431,70.8506858135002,55.0234561087253,114.244203511647
67.7555975051829,122.493528591085,71.2966125152285,55.8744211554474,112.068709175476
66.9107977472838,122.6198939824,70.5820415235054,55.6391416220253,110.843928672155
67.5510911882977,122.506628619945,70.0574321302749,55.6560382082934,113.959841609767
66.54046834784,122.010240080721,68.4380127746022,55.3129270170441,114.748926312493
66.850856839972,121.707409662809,68.5994193341771,54.8940376368313,116.568332037922
68.4076356136199,122.065411742695,69.8774058250219,55.7649153000221,120.160925596988
67.0891344263667,121.78884715831,69.2427555419082,55.9980943946763,120.19859950896
67.9855875704048,122.29905510215,68.0896069024583,55.214570455908,120.533100112448
69.3711080382265,122.292968682268,67.6942175049143,55.6690972027489,120.540218052651
70.1964646314766,122.449458546631,68.7216813649819,56.1358261530804,119.668935840778
69.9000327892732,122.166517055025,67.5643388321002,56.0010439886443,118.193266810948
69.1371560993349,122.011279791768,66.6743398219045,55.6539471982976,118.143248904074
69.4443827364659,121.859311243501,66.8912318431845,57.1220515950899,119.147983072036
69.2573121593914,121.896750192797,66.9397234208559,56.7659460180483,120.717073541111
69.6891403025822,121.719212907609,67.1991806603647,56.5353347812894,120.895916817777
69.0043304516186,121.61486449516,66.7410476908274,55.9283406047477,120.550118861589
69.8219297027875,121.602234786154,67.0126423907466,56.5046046989363,122.424602819713
70.431261798032,121.996412411352,67.1616308317723,56.6143665734031,122.635200925335
70.6950332410372,121.826155735155,66.1904130145348,57.2844441450611,120.751574652924
72.129628208884,122.021623260313,65.8861784234666,57.4179659459848,120.779076455972
72.0348336888628,122.040821643527,66.8300737704641,58.0282761241562,121.947558769817
73.0110726884387,122.311639530857,66.9951323922222,57.5764723967411,122.354854647692
71.6437953338931,122.034570254707,66.9203971311096,57.6395991597288,120.314523733502
70.8768974606682,121.227345350572,66.553037675422,58.5496422740117,119.33085716391
70.6107337668775,120.602341053916,64.4708559025157,58.0598394698606,117.388349211985
70.3633440089951,120.463363280518,65.6993008271253,59.0498656783168,116.762578809792
70.3871485208345,120.648121121179,65.5210755485195,59.4975097435149,115.892873631698
69.8841877441928,120.508999146322,65.5518731608213,58.98604422075,117.18352922059
69.1033437805649,120.271497662404,64.0365017083896,57.5150551722513,116.58982987801
69.0159666730824,120.828863958522,63.8546402765596,57.6218603744774,117.641445552285
69.2011909659785,120.982407292033,64.710716871064,57.3577394660261,120.361555543124
67.8372488321831,121.05686566493,65.4213186834212,57.8361153235226,120.105268522655
67.4827215226955,120.790168126751,64.2971682512493,56.4775596515749,116.589100924071
67.1823825881882,120.791883766629,62.9667180792957,56.1629560284109,115.325268195222
66.8762317053039,120.545446758219,62.5502418243728,56.373768969417,113.063307019448
66.4847875244775,119.952408150737,62.4624547330976,56.0505019502993,112.480615052275
67.0770619241837,119.756107988365,62.2141647298563,56.6989328145596,113.62371596296
67.5880569002561,119.584820552692,61.3570337489214,56.7326503928537,114.151055195215
65.7923215208084,119.424218252457,61.262573364649,56.2328347886577,115.09618778911
66.7170216218196,119.42909656129,60.9541710208559,55.8308875213399,116.022058578957
65.3365373586857,119.009482009835,61.2493127571581,55.7858145167657,114.765578308309
64.9717554698816,118.690621523259,60.6575014517041,55.9659453633606,117.413605392003
63.9489761728516,118.699890705829,60.4981348544159,55.52630027104,115.888259346055
62.8713512591599,118.181891123296,59.0595810543177,54.5264990681544,114.755250332352
64.3419272313507,118.602697383712,59.3206801473773,53.9702943134491,116.959287350829
64.4680250391964,118.76697134663,58.4581095157007,52.9437328542942,115.927066495771
64.7282019133579,118.186635496965,58.6941213801904,52.3184394846049,110.944306003879
63.3576447736084,118.238983744139,59.5339927946367,53.1706320399055,112.02568757758
63.3599113752114,118.114840678495,59.2039793758557,52.5324728785519,110.444210268094
64.385994253966,117.987273604118,60.0464432504712,52.568862550466,111.698006624787
64.8507740483602,118.059497564261,60.1506596720099,52.9800335441429,109.264502899702
63.7326296723229,118.173310279942,59.4891867451434,52.8885902102909,109.086568530849
63.3121281697429,117.982440145354,57.6409014738085,53.1722090408976,106.150075336232
63.2991721760914,118.6352034326,59.7639611374699,53.5239072133357,108.600707334703
64.2762987370702,118.795073423896,58.888503792846,53.6151590188539,108.720221446535
64.0750202423601,119.012047641715,60.1817344888492,54.7299418245703,109.406455687679
64.745856440984,119.583118575245,60.7989334083789,55.8361007176155,109.403430340539
64.9866398452561,119.565380828517,60.5302655604382,55.8307477538227,110.71850426828
64.6539208540898,119.898298249807,61.7117168907779,56.5134169552475,112.125746782597
64.8330797628838,119.520845445544,60.264923356809,56.5241777959071,111.248365963265
65.3115772725561,119.669057131024,60.7405386091015,56.238973981287,113.323386196779
65.1085314192441,119.810754085519,59.3695539356815,56.1031680981932,110.620505683491
65.8180666966327,119.913153483638,60.2553730903962,56.431604620364,112.699917251212
66.8237788337698,120.011513495206,60.9677767346018,56.4217357904798,112.164199362051
66.1994224108975,119.920287660612,59.8834399642001,56.7082564612724,111.384440498615
66.8185506595263,119.777931591936,59.1790745175855,56.0475837997178,110.318617693153
66.8913689391162,119.884290556543,59.6743556431024,55.6372203169336,110.858536786787
67.3477845435659,119.928798572293,59.5018919051577,55.0160547429391,110.72843883691
66.7809999757655,119.587183580196,57.833448479354,54.8359319022267,109.257450459658
67.836160537968,119.445211244272,58.6978421903758,56.1826454265102,111.734654398501
67.982731626535,120.052663694817,59.86442174206,56.1067645179946,113.032596460196
68.2954985279335,120.084777278417,60.2441362201297,55.8575438209659,112.265850882355
68.9838331157936,119.871352352412,62.1434827991937,54.9139857011491,112.766426793746
69.0691419083618,119.949088431692,60.6949254132576,53.6657398010238,110.400980397499
68.3448627844161,119.548372708993,60.4292062757073,53.6689574150879,109.217906930279
69.2055020882683,119.728234179327,59.6161598473234,54.334881805252,109.020892028014
70.2866522576608,119.705933827239,60.090087784129,54.4757138189776,111.820047472838
70.7474591992868,119.273238962067,60.6716748148718,53.5883610764436,111.688983412056
71.7503858978506,119.218153555534,61.0651866227837,54.5919158190431,111.972478530433
71.3441714426279,118.868625790791,60.3704730596984,54.8719504621771,112.390601110223
72.7684858015055,119.640113763225,61.9961673751773,54.5237898532648,114.220358334544
73.0284625086442,119.843609956339,61.3585414581275,53.4281901913094,113.411354122033
73.931386615306,119.864739391287,62.3579026621435,53.77568690382,115.13348785397
73.2849936643452,120.148955316687,62.2743535502316,54.4980303780513,115.623099620276
72.5463525810198,120.285910573413,63.087804844071,54.6589298340395,114.753994090823
72.0871430636174,119.932312066726,64.475160916671,54.1599427911725,116.208932050916
71.2995115598373,119.609649515844,63.0118537187511,52.5455463945861,115.672224374687
71.9061692537026,119.710578280682,62.7811926316386,52.8030829720314,118.292616379068
73.2795706871698,120.244381794878,65.8096746563659,54.1107220975378,122.984096486037
72.3425062248092,120.55554780998,65.8789797187483,53.6356611846179,122.205880177041
73.5983028360495,121.075854853577,65.2351883460296,53.6850738565118,120.380763173212
74.3996338658643,121.308968763194,66.0425938993896,54.5088778658434,120.547695988526
75.4948739846417,121.195616943358,65.0984789685962,54.3115476956034,119.570788876497
76.7474146910103,121.649092697101,65.1742930247989,53.9502964288781,121.739560945295
76.48424398311,122.144725390053,65.6737196230226,53.9091217013727,121.910474048752
76.2434340060305,121.821344013948,64.9884442168322,53.6244714848441,126.14216562214
75.7897731687731,121.668965059977,66.8786747568013,53.4946699665162,123.39393507664
75.4645956533748,121.293930088948,65.1972615790884,52.7987499522998,120.101933529201
76.2505269676746,121.027596063323,64.4922848928221,52.9552939487325,117.919208550485
75.6200607101483,120.754417317007,64.3158086835495,52.1254960811923,118.230361654286
75.0390902175299,121.01951025827,65.0892198916398,51.9215155745947,118.231767789827
76.2273381275942,120.941047316924,65.9380336019399,52.7667736620289,120.867988134218
75.6810262779755,121.246572296102,67.5591948400681,52.37150966856,119.003219593992
77.1639942068551,121.445947474376,67.2927128718916,52.1991683507664,119.260344307801
76.8621474362673,121.264143861021,65.277576473602,51.992644737601,121.141037473994
75.4997573385168,121.301023009858,65.3739093599978,53.2706361391078,124.093520127681
75.4697279544164,121.001148713983,64.080129858461,52.2459039835781,125.137921223848
75.3914865317088,120.820413307503,63.5826910422028,52.6775933599204,126.965246166952
73.4856350921158,120.913875954233,63.4996414865145,52.3936922116508,128.140973146711
73.7227286408395,121.252693784379,63.3448515921248,51.6261815556642,130.708590603166
72.3804854190002,121.402222241058,62.2728677376449,52.0280512269591,127.645390554674
71.8817237694252,121.303984174803,62.9814774575374,52.6089029337956,127.540599939857
71.7754106749732,121.392126562105,62.8567923786306,52.8736267038464,125.341619209935
73.5043114829815,121.754408682692,64.9612989851321,54.5342977374228,129.720657708564
74.9157650106943,121.50917944167,64.7132294149132,54.3214674129161,130.512967260376
73.3021143125267,121.546011315602,65.1166622296762,53.3060472515831,132.193132767345
73.8778304949912,121.358717528565,64.564389379658,53.2417867857595,134.751340804344
72.6898281977137,121.343517143172,64.093081700519,52.9713881708775,131.906574898687
74.0049109958286,121.426618050998,64.773544563306,53.7632430738956,134.34953310734
72.9016815232466,121.172510915617,61.6920679104933,53.4041191910166,134.617466130305
73.2144085938704,121.328509078368,60.2197579152287,53.5057758187679,133.133579941445
71.8048561890232,120.878619718695,59.4360538091389,52.7899761935591,133.2820651968
72.6450880677003,120.786626379121,60.0075378473287,52.6640926042908,134.834778370692
72.4771134017494,120.950594121085,59.5142502972242,52.7116758566113,133.023799403878
72.9783533588911,120.915717199915,58.7601540848679,52.5597702329668,132.778014878239
72.2894215886877,120.312290788411,57.7168205970497,53.7281834713132,135.205087200887
73.5518830672562,120.719507681814,58.2050752941774,54.1773165009114,137.665481528653
72.2023033693416,120.499439146217,56.6819944637664,53.9449242444231,133.978247229709
73.0446328486242,120.296233019763,58.9745607959111,53.9137649965333,134.739226940864
73.9563601362788,120.779732901623,60.2399089967341,53.7867365734792,138.108244815914
73.2993146389308,120.231653475559,61.3287536834867,54.961268452347,136.772282674494
72.6413813533625,120.241691390794,60.4451551789524,54.1375116437555,136.535086669564
73.7357671793837,120.59615169271,60.7637683348344,54.8798803336501,138.959228767829
75.4988645450079,120.905193586778,61.38726628065,55.6705576211042,142.412776435032
75.9076477664634,120.536002142353,60.0003824898128,55.1477625737505,142.973990430578
75.0458161753035,119.431357924475,58.7917204663989,54.3670683724317,141.19589745003
75.259430760814,119.346499558322,59.1439612919587,54.8675867011012,139.721920024782
75.3799473343649,119.192549708283,58.9842752689118,54.760390396532,140.771304397902
75.1786762723569,119.708070534838,60.7181225554592,55.2192120809248,142.050925400567
75.5992088576841,119.639799584732,61.0175481345914,54.648277964162,141.428754310536
74.2070440875917,120.159386126748,59.6920127786016,54.9421751458177,141.565909159362
72.9419242710122,119.983782531366,58.5722842993361,53.9715042973883,140.852188523558
73.3552968724183,119.527299364349,57.6816420222038,53.2695851788682,141.902371448447
72.46293153087,119.601911555521,57.8314894922641,54.4152521100425,140.030432625716
73.3724318589748,119.814696349627,59.869076846301,54.6041780023395,141.101137050457
73.2163624342468,119.904626352838,61.284692565509,54.9626215508664,141.444632394498
72.703954279625,119.786937188771,60.152395412542,54.5673691819791,140.311193610644
72.7761980707959,119.707262672559,59.8180919851296,54.6074161665499,138.339491422669
74.518744743433,120.465289924574,62.3432953404274,55.1131537615021,141.373227253176
73.9852997714431,120.520658039002,62.8400245746756,54.5028448048122,141.198642422913
74.1808759608505,120.466388332477,61.0326182784787,53.9495563573466,140.384827645498
75.3487517196414,120.476955854465,60.6301610271503,54.4031494936325,143.209078256036
75.6681419269413,120.462972647073,60.9884110522536,54.7216850860527,142.053128102121
76.5309389892599,120.877833993473,62.5839475752993,55.2674339942802,143.171430613457
76.5354429326945,120.618983451478,62.8338559156761,55.3479960963379,141.024108526844
76.569383734592,120.235737474542,62.5296536286162,55.1836015154207,140.02027133672
76.125886564114,120.474596177807,61.2639809807675,55.2804667044739,138.769886146392
76.9352404630368,120.54104778665,62.8664779447433,55.3456334024644,138.02143775094
76.576568985333,120.635677903476,61.3556539826684,55.5335371524492,136.614577819933
75.7193309080763,120.697093430744,60.7699310545812,55.9274059555876,134.000228691465
75.6726817415964,120.369666626107,59.1385456587951,55.4101269503282,130.409322106397
76.3050952666564,120.255243490479,60.6095426909163,55.5352975731856,130.028572769582
76.2655808238241,120.334836718825,62.7313814805809,55.4215206806392,134.193122298259
76.4398731194965,120.476106918885,63.1733328801845,55.1029960141365,134.030850013154
76.3458242715059,120.084239323072,62.0894107521767,54.834314721737,133.917877834131
76.9297688089478,119.768118805902,60.9591433347149,54.5034861593091,134.448123331674
76.4887020833383,119.978917874632,60.2537565383083,54.7773996733951,133.466228406129
74.2324701996453,119.642098191692,58.9889388931646,54.5968324645793,132.08189923804
74.3881476541955,120.0893959409,59.5459870483485,55.3972794678476,132.878454562194
73.3952697103924,119.608320503502,59.1966940043068,55.1348817586203,133.780948035396
72.7604555886432,119.436652933185,59.4100160258967,54.6016599015446,133.092470568925
72.654644038459,119.187916748573,60.599025963618,54.2859804738063,134.026812635156
72.0081651274638,118.920340522767,60.1255430977465,53.244918495448,134.18723925721
72.8996498004038,119.079683689387,59.4383212783826,53.3864174795592,138.197975049454
72.4066715389123,118.90533802246,59.4142484184669,53.4461387070891,140.587891490879
72.6061463152419,119.384218659917,60.4791532225019,54.0863780579821,142.944992386178
73.1618582120865,119.886534994147,61.1782956062724,54.2186593230608,144.408638783079
73.4423647211143,120.058847729322,60.0072463300443,54.2381706499873,146.035089456458
72.7371929769037,119.91027138059,59.7335951105438,54.1760841584835,145.44200181456
71.5190841611666,119.851136961675,58.8200610868422,54.0334590523472,143.847649392104
71.3860190664953,120.095073449261,59.4980672288943,54.6919750052213,145.122900360096
70.3903943449833,119.853863371479,59.145449179877,55.0492517799702,147.384674451165
71.7731307995339,120.134654404733,60.0793227466414,54.7853755689529,149.1049661217
70.3482648149901,119.782022375893,60.420647250876,54.3811333296895,150.182131517286
70.2993939581466,120.070534393983,61.3404346166152,54.7205745057176,150.421311922421
69.8702120208579,120.279416430309,63.5706465188385,55.6969523104215,148.877461442747
69.2072065887784,120.553753480677,65.4544246059912,55.6553277785218,149.217928902056
69.7450194043251,120.893489740739,66.1580870000099,56.3311980442931,153.145463214992
70.4114492520819,121.20587184601,64.9497541306776,56.3909433907873,153.467725456038
71.6719057070953,121.162327657552,65.4347562423857,56.7852620991854,150.669967083084
71.5088659148433,120.767093308132,66.24445428273,56.3257727183463,148.144461027366
70.6905338999834,120.618892427198,65.2836885017459,56.119375711527,150.145714889311
70.9827712891683,120.34419045228,66.4747920730941,56.6090642479335,152.97089991581
70.7972183003545,120.422475923651,64.9391170097591,54.8116310710543,148.498137862784
69.5410779029129,120.543095591171,66.3089700294747,54.0508608358597,148.816392798441
69.8593861721122,120.440237080222,66.5432181590511,54.1075583802624,148.911266941965
69.3510220924865,120.234224235792,66.3766373768628,54.3368330444098,148.152561424266
69.5420245678996,120.242511013177,67.3541371431637,54.0031504864725,151.258401442992
68.4605838527028,119.830014852703,68.3987959229806,54.4677691676987,152.669047605548
68.9915368560294,119.574354805479,69.5234035859082,54.9373480415445,155.455939710244
69.3135160278458,120.169638532225,72.9571633244932,54.9861615082524,156.025431515533
68.5520839833311,120.143525366171,71.2867805281161,54.8028352770794,156.300453796336
67.7069957137694,120.514222042165,70.563436621274,54.7997850146429,159.38368178721
67.981061651594,120.794251306159,71.2580190355259,54.633264520314,157.976133888995
68.2664299356614,120.722326098606,71.1510912640011,54.5951693738944,157.366922956055
67.7183636026798,120.611131578734,70.4992802977836,54.6058942704397,159.464450348098
66.6089684074261,120.690727670739,69.844945838667,54.3245557471364,159.355832711612
65.58378809159,120.404979879888,68.6539663503398,53.7218067045389,158.33843154109
65.2572477414658,120.525843847502,69.3522659347387,53.3510184070819,156.093714348073
63.6591143713305,120.184765022254,67.7955264411617,52.0689347189373,157.308365237612
63.5312031161763,120.236380758599,69.0139112166983,52.4223290550508,157.207042674713
63.3493434433096,120.207464396003,68.55280909259,51.5960835208341,157.615590272611
62.4956550091074,120.349484965999,67.7873754929207,51.9463591982903,154.915981751788
62.4008625616879,120.422803809975,67.5107127259578,52.133825820309,152.655721392428
62.9172687119321,120.332516898303,67.0024474835785,52.8873754919784,150.88646848178
63.597982806768,120.568617489648,67.8792051294406,53.0095285258484,151.142657033075
63.9072169841665,120.533289363771,65.9105939990481,52.583282375709,150.813955626694
63.1331993275018,120.79706504331,65.7595145772438,53.0639166108155,150.075639967504
64.2224170077245,121.049646964458,65.5553248557611,53.3776345757139,152.031135910896
64.9343995143068,121.277262334145,65.8532366454838,54.2566700892338,155.283209796275
64.1654372830683,121.369714021869,66.2962501172978,53.7660843901473,154.044913532523
65.0681374626259,121.789570309307,67.667062055118,55.1489264291945,156.548999558109
64.2937379037115,121.984761225021,67.875992325897,54.4751996625531,156.694399008568
65.5541299680125,121.95261687926,69.2703501056615,54.9783825703926,155.606185997684
65.4253711009557,121.431657522139,70.3676539582099,55.6411962467964,154.176748027959
65.5732899587118,121.599986980303,71.2675716639037,55.804773887583,153.534923704054
65.7153490935572,121.617998884863,72.6898383291066,56.2318418122989,154.650364707276
64.807844974975,121.0688500472,72.4443795507016,56.1151402274699,152.871913774884
64.5813028772425,120.989828612379,69.7260317636398,56.3979735869453,149.912491381195
65.3795763729277,121.173591849924,70.2995209614195,56.9043455403594,147.774123676963
66.2455435656587,121.203030563785,70.5298273516408,57.4389860566003,151.509474502885
65.3252752479633,121.302162406581,69.0439215763146,57.7013373899592,149.079547589628
66.1940240113396,121.443727226757,69.7021034737843,57.8351656726766,148.882065341317
66.6506042845169,121.512351658399,69.4102297101671,57.0993419073503,147.875448557871
67.2815242003531,121.672705244355,67.995715949962,56.5849965943008,146.859038294015
67.8373643010768,121.651620866314,67.9432641725296,57.1794676359604,146.909621263086
67.7135883072006,121.730230904917,68.1800031523848,57.5427382787718,146.9852651025
67.1268206069897,121.03370324738,67.5542582831992,57.5281586972947,145.167384214068
66.6660874269062,121.679953466953,67.4577365542452,56.9409818569991,143.83542345146
66.3277447518388,121.434777546841,67.6353014155105,56.8202703056997,141.844944439417
65.3444283892836,121.442370708688,66.757212568435,56.7537082331834,137.313645584684
65.0462279616328,121.410824406006,64.3928173769839,57.1680461509004,136.476302108437
63.2573549268977,121.506452368927,64.3029213071291,56.3503386930205,136.454776224775
63.6796331008689,121.665219809101,66.1578379155692,57.4671094027756,140.375656294546
63.28784251579,121.09352402845,66.1866631028553,56.8781258831957,135.004293728942
62.7656627020425,120.990630965982,67.1011873980663,56.866236542024,135.885810191866
62.6809441389095,120.918480796844,64.5163492746511,55.9058852443195,131.711311168382
62.4925718402533,120.377982204279,64.2770009742606,55.2239782244274,131.135378277238
61.3524878426008,120.326531758963,64.47806452043,55.5993382658784,128.07681311543
60.6566332881301,120.152786658807,64.118111126061,54.8280346834992,128.596347602337
61.1932003619729,120.128578174214,63.7955616802891,54.4992927069476,127.568629397095
62.6588323599623,120.328023692955,64.062150718697,55.0508608690848,126.753201971745
62.4753789058248,120.287556720572,63.7847906618154,55.0009034914621,127.23544645905
62.0995551975312,120.445593564079,62.5233993821117,54.4762705612779,127.877293467033
61.1428243029074,119.940790754622,62.0816886022819,53.7462748086332,126.165288349322
61.7490158273459,119.88907092739,61.4887817803059,54.8100304873549,126.489796135268
63.2696742499742,120.100838521632,62.7758881922198,54.7312986826913,130.137329193186
61.4740996297438,119.794918928851,63.0071250681345,55.115354467682,130.756049843075
60.9625905083305,120.199023128593,63.7364527886785,56.146316677535,129.426524598434
61.3491776502703,119.924981647753,65.038213548506,55.8371402568067,127.858585789274
60.2645778419724,119.824122978811,65.0593173996868,56.3460840427385,126.711896892451
60.603966178486,119.86768055189,65.8704586595995,56.8168636162736,129.894779370934
58.7522472123463,119.782883146171,63.9532527977652,56.8192772402093,129.872252121782
58.8442316484932,120.062409540646,64.3437086655788,57.7760421038615,127.654816046186
58.5328638478176,120.090983301207,63.5249873867297,57.7167119456007,125.270633498189
58.9438166227771,119.783902660222,62.7399979648914,57.4134101779224,125.891961429895
59.0037670629085,119.452093348858,61.8859832531205,57.2053415679621,126.775780183123
59.4974981007722,118.967362660907,60.7591820259587,57.4499200147771,123.886507240615
60.0238799372345,119.199679726657,62.2058904581129,57.9143397882733,126.838053691239
58.7876479035018,119.375653389388,63.0911975859477,57.7818250579984,127.748002201157
58.0080088390331,118.793061719252,61.2562965664173,57.368140518809,127.424664903816
58.6653701474137,119.37921498504,61.2704264842244,57.8998116330653,130.542348936055
59.083563334439,119.516793362085,63.0418992426051,57.9870366873326,129.487759780605
58.757382726653,119.146816187062,60.5478591049462,58.0493258864289,126.250755834819
59.2983210152592,119.441940515914,59.7627820633305,57.8628324386591,126.349855813213
59.664544199977,119.921100852088,59.6995009058701,58.1297727153523,126.817966195549
59.5301191624553,119.758132836745,59.4784116287863,58.2215819523866,125.911853663373
59.4429210219063,119.320167072572,59.9605785457336,57.9248807908382,126.451358486224
58.9185073025226,119.416003721338,59.4189341093717,57.8745475452674,124.987473574223
58.9648956703064,119.596746660238,59.2508973344609,58.3144610861902,123.097703175329
59.3005206185262,119.907493394311,58.6223757093223,58.9712978273995,123.08263907093
59.9181898599235,119.668617135624,60.0624199536997,59.0668157661962,125.080633735154
59.4596763386694,120.041068266984,60.4994988359268,60.3962766578656,127.591339333026
60.7584771601265,120.349826779606,59.0027440644506,60.8188525110115,128.861859398163
60.6753479275003,120.454686850631,58.0784416145959,60.4992032233206,127.474193736124
60.1471532683259,120.756728488842,58.1927351760093,61.3041438061826,131.447989810229
61.6930813741936,121.227954918754,59.616036482095,62.022487459221,134.642730069525
62.0180701103965,121.107535613483,59.8762912269952,61.8378706993387,135.902800180015
61.9595559096754,121.039697504211,58.8113018521325,62.6758487754404,135.244681764243
62.532761060746,121.124125464712,60.0327140966715,63.5494517812073,136.649231018961
61.9082941451839,121.01314340424,58.457633414289,62.1368106323048,135.451162744932
62.1451984473716,120.891288579965,59.1371608842044,62.6235633401485,134.526296351962
62.2184143541065,121.758033521549,58.8373733715095,63.0938059021197,134.828439511126
61.4252706319155,121.371468673714,58.5101409621408,63.2751844603257,133.349711591127
60.7898426427089,121.261076537108,58.4192503738273,63.3109079843991,132.678566056806
60.9025578747265,121.417182733329,58.8491153633115,63.3199441881495,133.470956917459
60.6940048209069,121.265972573817,58.2748012972392,63.5765662268581,133.136471873353
60.6587095342382,121.581593164443,58.979206486691,63.4548513553612,131.652259835824
61.2854122179505,121.79423224188,59.8711710075852,63.2865443765495,130.626894926962
61.0653543496626,121.829406760493,61.0670600014051,63.2477359281269,131.751884761446
59.988955649895,122.078988207448,61.2306706613704,62.46768809542,130.212965728506
60.2851675699618,121.975592653105,59.0410651259712,62.6219340694431,128.269693065623
59.8817449039832,121.857018407475,57.4416912960148,62.3723959746246,128.159463070732
59.5605923245771,121.852448924024,57.2730258375296,61.8845706256276,128.010927426162
59.2590038390036,122.163326231343,57.0530837298339,61.7316053017635,128.265395010589
59.2231014161435,121.66677313235,56.1457312791863,61.3248214971641,124.107423085174
58.9693266879653,122.019771145322,56.0389551655952,61.1636006547882,123.60448073248
59.6301876951952,122.534351990552,57.2365619201817,61.3564182200685,123.503860604494
60.1234916085783,122.920219698083,58.1089505773996,61.8155936752258,128.306202928531
60.3500907982765,122.734617695351,59.3181955600411,62.7980527206501,131.111661716335
60.6658516346069,122.704826529497,58.8931131397514,62.7417362368374,131.321913492953
60.7540269833934,122.66266294246,59.0306794879664,63.0185998542562,130.823052363103
61.9204380431702,122.734205125458,59.1725280544437,62.5100446484223,130.086165469564
60.9592371474096,122.571577020433,59.3304026012935,62.506481519726,128.531008943319
61.0928270285205,122.440090754453,59.7840479716883,62.5406818652914,128.810428798325
59.9425668096499,122.110633811979,58.2838952087773,63.0643967381377,126.794819451444
59.4039859313535,121.811883088313,58.7939285754654,63.46329129361,128.633350683789
60.1335737538646,122.180628356927,58.5566739852911,64.1736726589632,130.945246660882
61.0451777131747,122.392904611482,60.2416078523108,64.0331674178043,132.950434865622
59.3998735354899,122.048266145348,59.0778573041557,63.5002473376187,132.036041471519
59.0276840608361,121.798225125101,59.1792070906284,63.3615779850418,132.275189275054
58.4154266539176,121.816421347056,59.9356995003618,63.0495233740141,130.620722807365
58.9882977809164,121.706548534439,59.4363432205716,63.4682563514421,131.144554356147
60.5157699493639,121.931255081338,58.1720892435979,63.5858956828005,132.363783050714
60.8860314449251,122.081985964446,59.8101587189277,63.067446500421,132.747904978957
60.9136572637284,121.852635259572,59.2262332134662,62.8545909847498,136.716670234778
61.5751286194279,122.470322351938,59.7877071530237,62.7628625581949,138.862417856659
63.2399687685316,122.609286216671,58.546356216188,63.6389751426013,141.716716672546
61.4493930065479,122.155126973785,58.7856195546321,63.0338765837343,139.888063109437
61.4581679235924,122.30389255228,59.4920467326162,63.0046415368325,140.952032655982
61.0094077580053,122.173236124403,61.0600004885668,63.3775838921065,139.019447906672
60.7834509741999,122.272540391742,61.433606834391,63.1461450930662,135.879656714106
60.9570958410117,122.165020712561,61.7696560057431,62.1605416718776,136.291432004924
59.9828711158295,122.081004895731,61.1045592969069,62.3462573377986,135.999274417293
62.421209881593,122.458465768172,62.9112968122828,63.0352879218812,138.692722289675
62.1888147782586,122.830453173067,61.9130362457655,63.5001944781886,140.559692247542
63.2503409558685,122.837989616858,59.9821276253706,63.3407991459772,140.716584305567
63.9220313240277,123.178713440874,60.4971307484242,64.1046507730624,139.769138031672
63.2639248420347,123.249167888908,60.8367681532901,63.7122914339903,141.404017532107
62.1571990204708,122.794609604307,60.7558001507226,63.8972076275456,136.091953847637
62.5093654529953,123.011733439735,60.9640237948494,64.030512065609,136.901865999912
61.9832864630665,122.872076619032,60.4142264895577,63.0836963341259,137.096851078572
61.6758158565438,122.733480920668,59.2801424482434,62.9373684392455,136.089182337985
62.4272969282178,122.881133435898,59.7794505458628,63.245337274355,135.863914782686
63.2359235003964,122.724956220454,60.3531372189366,62.8187336014115,136.984019166998
63.4475190427335,122.618074739945,60.9274283464466,61.7189507296019,134.808446314694
62.7659106706681,122.265137540969,60.331950706642,59.9584401066554,131.958967430155
62.4300355795751,122.58910361675,62.0320895430343,60.274875118013,131.642707796395
63.2369152761573,122.881466391524,63.8567110385049,61.2197370310308,129.822990217982
63.4197661615992,122.963012770699,62.3968056509399,60.7302184522204,130.369916720743
62.3305951707789,122.541378804192,60.0951415157635,59.8572984076524,129.097474478629
63.5222214440894,122.368632876586,60.8349992443666,59.6676743905789,131.14398561538
63.9672242837005,122.26865431017,58.5360044601203,59.2062748353819,126.872796867947
65.3699740075957,122.986453264767,58.1818590434113,59.4433822413979,127.893017174924
65.1877050026088,123.177423527772,57.7787987168214,58.6285918617443,131.094142883025
65.4571007085473,123.435028868345,57.2839361233803,58.5623786532741,131.874098896494
65.0086414963106,123.038692443705,57.3264374309805,58.0867731167784,131.714562146877
65.6408789305434,122.973037265712,58.0039768350041,57.9150989347071,128.148104158823
64.9647483741115,122.380404730375,56.7353968729559,57.5666327399256,126.742698292256
65.1522367053016,122.315695359302,56.858253226915,57.9197501502566,126.354254159646
65.4527852929203,122.958295864566,58.856477164428,58.5133532020328,128.610590008202
66.2961762340903,123.050379845305,58.8930545141277,59.898914954342,130.076021521363
66.5012171228357,123.224170827362,59.1723432618535,59.2772374985343,130.378625117808
64.8390773862475,122.922781060309,57.233272807892,59.2729539457729,125.855122492942
65.6893679375796,123.250640445694,58.9869409723977,60.1906710917233,129.022030260171
65.5288633819778,123.229650149891,58.9395572507415,60.242600433596,126.730417410391
66.374003913221,123.275956310732,57.4649631736049,59.659817581459,128.067482523604
64.7199107617272,122.446567388353,55.9818303612362,58.9182987003128,125.37906047907
66.3847298671192,122.131447663986,54.7918767354597,58.8164060023297,127.739144880752
65.2144956034752,122.211390872915,53.5230712613392,58.4993478602622,127.951080590258
65.8284019986908,122.200890966528,53.8701237343699,57.8778029443356,130.105026935809
64.5307767438895,121.749718170342,54.6700532029303,57.3128399293546,128.375676840121
63.5566528197484,121.215405721842,53.8299981020847,56.5500290739676,125.792965111785
63.1552611658068,121.16467573788,51.9362901961345,55.5431855785513,122.392407776922
62.2076117287315,120.600875986756,49.3083284849873,55.7669217196402,121.498642809402
62.5697529653869,120.75867301819,50.077302450814,55.7731456999419,117.47192616496
61.8242045769213,120.549300941207,49.4839914950769,55.283296699487,115.234532255255
60.3626796153915,120.430370223922,49.4989702146417,55.3510681429116,115.741348725198
59.5220194802851,120.855421098298,49.6533884057284,55.0648986578046,114.875200689092
60.1177408128414,121.127639515851,51.4068963005783,55.908103345818,116.271023973614
60.306555788028,121.664679248691,50.6493651225559,55.7193693992639,116.780941370165
60.4530709162985,122.217280455901,50.4000734812959,56.5618756969155,114.174842898727
59.9615850966158,122.015819001335,49.8596073990248,56.1727638377013,113.320350249119
59.3255285755531,121.828059891832,48.9031850914362,56.2145771285982,112.703402124617
59.2417413991901,121.539418075372,48.3684521783851,55.7258630251979,115.041773951778
59.7424628240467,121.695035834866,49.8016846279499,57.1758092657901,115.705055737007
60.5730521431392,121.928020803531,48.7201164054795,57.2928905391458,117.352828762322
60.2089668602069,122.138035550909,49.3989103382244,57.3494383544421,116.431624484466
60.977745274144,122.080478094576,51.0477109189214,57.3271422854015,117.979577084742
60.2022875313202,121.600502111306,49.5801002319065,57.8079016240331,117.249020837258
59.2357043481315,121.390191476266,49.4543621361395,57.9677787140651,119.722610867597
58.27142987458,121.099108136857,49.2323138385929,57.1396907176386,116.28687468956
58.0749163721314,120.996747513239,48.3717627684167,56.6060398851873,115.632086262048
58.9393899306651,120.703263907226,49.3106348083169,56.8378870854249,116.71063679459
59.6396665222191,121.383204639287,48.9758217274781,56.7445820102305,116.147730043258
59.2719490374062,121.209037080371,49.2457285190637,57.6570610346505,116.775527441787
60.2932233936159,121.257209369392,48.9378339713128,57.3739658630439,115.943721298662
59.4236791593798,121.436653568089,48.477270714114,56.9330683718697,115.730324872278
57.9512167420908,121.214896695094,47.9697750846877,57.6098116944621,118.102097291307
57.0781297421202,121.527103067186,49.2636735133369,57.6871909211886,119.557724807975
57.8356089205931,121.41129108992,48.8953735168785,57.2899170237674,118.952175216763
57.0521859981421,121.053178431994,46.7724952782156,56.3051923728967,116.320157986478
56.6637833428833,120.94634183947,46.5992995839026,56.4384105214991,114.184671743774
57.6719738209249,121.653593768114,49.2076350710756,56.5204808647182,114.673698123454
58.1930679820513,121.559352006208,47.9115474929017,56.6482018828879,113.169355819317
59.3244724215578,121.791649559568,48.3370064905156,56.7704341017259,112.961278112787
59.0578783729102,121.949917290158,49.4252456771406,56.2755091621186,112.193404043616
57.632548325316,122.065241701048,48.5457150554307,55.5440582300032,112.167437141319
56.5631466595203,121.981280807391,44.9917861676832,54.954666001881,107.915250393868
57.747170335875,122.397047356675,46.2448951692271,55.0422425302615,109.843840063014
57.2568825736001,121.902836799712,45.5972719189579,54.0407867392166,110.005357279396
57.9755737029045,121.96038325469,46.2442941023944,54.9906458799752,113.286104603675
56.4378892784756,121.747586694739,46.4913789817746,54.6796476575681,112.320625311655
55.4175834547117,121.022718869328,45.2864568216761,53.6578255401541,110.662770877138
55.0818617963245,120.475637795842,44.3295074551746,53.831425786573,107.970668126299
55.7056090677855,120.562394191663,45.7760330167325,55.3053795102466,111.324892834388
54.8393548516521,120.840883407696,46.350933871154,55.3632992776195,110.469554769507
54.9236426531264,120.239233222377,44.8786994348381,54.5061630810897,107.64267423761
56.4132649945405,120.605422882852,46.5891887412232,55.8741589686339,107.688148610056
55.4616955528362,120.584944540264,46.0140461064984,55.7150153905758,108.428063387817
56.0380075592469,120.599469051545,47.4899912590515,55.5127001350532,108.103251020619
56.3891377488782,120.568173000436,47.0979085436862,55.4982303226155,107.386077714655
56.8683624927118,120.654740596233,46.7486520712021,55.1953454171075,106.048825746159
55.9098515985669,120.157380433946,45.3780512455854,53.7856179254015,103.995802136435
55.4316514221923,120.214868621694,45.5824588159508,53.188646664373,104.291766238215
55.6267172181317,120.327278362738,45.3403211587241,52.853730844188,103.943070396667
53.4601604833372,119.994148732162,44.3268524129153,51.6776352566572,99.5691274408317
52.8388360759966,120.222107912722,45.0561898761079,52.1900849513997,98.551265380299
53.4585398895521,120.172857842158,44.9648755558331,51.8597708949839,98.1230709436602
52.4541317115769,120.167202393328,45.0818768776454,51.4379872813571,101.069456880009
51.5029710529933,120.134928134533,44.8916407090735,50.9433371419268,101.321913520925
51.8786283560395,120.119018287688,46.1548063247504,51.1861716114518,101.406746075242
51.261773267909,120.594916688205,45.5997658514898,51.6291437024488,101.576143556711
50.8309400375885,120.620366347158,47.5676095425039,51.723758386956,102.379640488006
51.763781129941,120.46813728652,48.3036420347362,51.4363610861069,103.515623177909
50.8462348420684,120.204094976337,47.8568447626931,51.5713255171189,105.245530382122
51.385627064431,119.863782848153,49.8194188335885,53.0008063271618,105.013523661508
51.7003803785258,119.947444566251,50.9412309507334,52.0596900276668,102.007048548338
51.270613911636,120.048501626489,49.1292548823588,51.9324648424708,100.334242614014
51.7868057068552,120.014531337041,50.075501424722,51.58513229281,100.82107458035
51.8473009842084,120.516820404043,49.7818945864913,51.3403122806776,104.340627072338
53.4674760165828,120.293462018845,49.8957777572015,50.9533090476684,105.841375214829
53.6728406569502,120.602975274551,49.5917947052369,51.013432003194,106.791344247847
53.7194152942008,120.449061656995,48.6486524984531,51.0798035690849,106.781043756315
54.6863296227845,120.60843765554,49.4470097578507,50.5170202775996,107.862704993355
54.7925078884219,120.994151547572,48.8089452730017,49.045322973043,104.014801352281
55.9182427903549,121.021716741352,48.8898354285691,49.1964501064404,104.351745161917
55.2810104993184,121.222403009309,47.0120802956516,48.8067645269724,107.402010202782
55.5529546151999,120.963152395328,46.950649941827,48.4905989731285,107.712393592861
56.8164145656372,121.782684307274,46.2845295293845,49.1476947814464,109.595725955889
56.6166276335876,121.788324776165,46.7050005784316,48.8541837515805,109.248350691711
57.2945084097217,122.147349992213,46.3356855656096,49.4876413386958,108.644985036704
56.2963041983615,121.696276117942,45.1933185191625,49.2533093138023,108.384855025866
58.0999004763077,122.117085697103,45.6771988415419,49.4645865097855,111.264514852645
57.5118137860146,121.848213390313,45.7331686975717,49.7417094824351,110.877998908657
56.8766113959751,121.84991823109,45.5848490394819,49.0539286053099,110.457879424824
58.1964873890282,122.014926479772,46.2624797276854,49.3255791721425,112.968828354113
58.0537230040209,121.360972698894,44.0125938841839,48.1747301770098,111.699958964516
58.9468026582544,121.505665237776,44.8706855031948,47.2215714481476,109.854603360149
57.659368642679,120.663705526027,42.0965691324281,46.7115932578298,106.064525985093
57.9575474965277,120.405464275589,42.2951464665908,46.6012346100009,105.676615808115
59.0121794535979,119.973928848077,40.6081397803373,45.8326373762783,105.895407965389
58.7586107480521,120.650579445215,42.6977705715949,45.8490726315612,105.235116011227
57.6842195236068,120.605088897773,42.111257577108,45.8571127270938,105.40046796048
56.9756379028952,121.113020501803,42.4439460247804,46.4051082528055,109.14857984979
58.7518574853462,121.162592590643,44.0333688184249,46.4400668151538,111.929570262969
59.2667749998093,120.795217104003,44.9875341820541,45.2797112532439,111.948006125814
59.1415802890695,121.040513595111,45.0265308524258,45.8713772516625,113.071032924178
59.8655954247121,121.146850980353,43.4808541211079,45.7975681585667,113.18547055395
60.174061434238,121.893692352044,45.0666428072578,47.088896251105,116.927610064105
62.0236595515396,121.928166563216,45.2750372895711,47.7001921454655,119.582600864947
60.9035818847934,121.496441507979,44.8274416301052,47.6617454282376,122.157695059652
61.7983878235751,121.979135357134,44.9484576426453,47.7862348401349,119.916476295274
62.3821216927637,122.406844902407,44.6730966655998,46.3661481039476,122.280369560602
62.0524009673265,122.19106666668,44.6637800586752,47.1502089726931,123.899681035428
62.3855373404325,121.884021548605,45.6722117586028,47.1357161803544,123.475487520493
63.8278402098084,121.848564921832,46.0925268234151,46.5778791119104,123.874894737706
64.511749267369,121.796225550755,44.8009317145424,46.9296187534318,123.710272312997
62.5222372282765,121.671850357536,44.0800906342962,46.5664136932851,119.5115539664
64.5591784510537,121.716466827962,42.2892042079926,46.9584176397141,121.836284076419
66.6729261400073,121.959179990339,42.21806603438,46.7896560118726,122.138011862978
67.0834922186844,121.591525972247,44.0590309363412,47.3901002614304,122.673464926687
66.0605652472846,121.511573200513,42.4794747890561,47.3624687999461,120.093238878451
66.0461159842455,122.444651794301,43.4889711185708,47.444421566543,121.390913073762
65.7004663340429,122.384385589208,43.3189711806773,48.4689220002745,121.5379533578
65.1032549354047,122.591360853008,41.1819270312568,48.7823555212293,120.445757543138
65.747354289586,122.464171839691,41.8893284098918,48.5432702909199,122.392371623717
64.8547190279401,122.576611063612,39.8304064422125,47.6364961961084,119.695800979774
65.6631483592645,122.79406101433,39.8773694169014,48.9827961608874,117.994812471097
64.3646105098438,122.628333860113,40.2625239224982,48.4613457599401,120.399896278889
63.5044609237933,122.68433099424,39.8552191643844,49.4218102566363,119.582816419477
63.8245230328529,123.301802608821,40.4728669365317,49.8027182463761,119.752462534713
63.6935285564753,123.704412300271,41.6763365591666,49.6876232413807,118.854309829073
64.1572529065781,124.027541876841,41.2144323010843,50.5316963211591,118.94898787947
63.6564037336941,123.400289233261,40.7935684420675,49.5895656120139,117.070376047102
63.8704289982026,123.492140686488,41.3339790670465,49.1574120828743,119.736187604377
64.5286716639242,123.236585453563,40.6988677517871,49.6974813356318,120.793730578296
65.4539217874275,123.237450309354,41.0165583018055,49.3781153395523,121.120062796644
